date,district,disease,risk_score,risk_level,predicted_cases,recommendations
2026-02-23,Ariyalur,Chikungunya,0.9946,CRITICAL,43,🚨 IMMEDIATE ACTION: Dispatch vector control teams to hotspots within 24 hours. | 🏥 Capacity Surge: Prepare District General Hospital and PHCs for immediate case influx. | 📢 Emergency Advisory: Launch intensive community awareness campaign in affected blocks. | 🔍 Active Surveillance: Initiate door-to-door fever surveillance in priority wards.
2026-02-23,Ariyalur,Cholera,0.0002,LOW,0,✅ Normal Operations: Continue routine surveillance. | 📊 Data Logging: Maintain weekly reporting cycle.
2026-02-23,Ariyalur,Dengue,0.2341,LOW,18,✅ Normal Operations: Continue routine surveillance. | 📊 Data Logging: Maintain weekly reporting cycle.
2026-02-23,Ariyalur,Leptospirosis,0.9953,CRITICAL,69,🚨 IMMEDIATE ACTION: Dispatch vector control teams to hotspots within 24 hours. | 🏥 Capacity Surge: Prepare District General Hospital and PHCs for immediate case influx. | 📢 Emergency Advisory: Launch intensive community awareness campaign in affected blocks. | 🔍 Active Surveillance: Initiate door-to-door fever surveillance in priority wards. | 🌧️ Monsoon Specific: Distribute prophylaxis to workers in flooded agriculture zones.
2026-02-23,Ariyalur,Malaria,0.709,HIGH,39,⚠️ Priority Action: Begin targeted fogging and source reduction in high-risk zones. | 🏥 Preparedness: Ensure adequate stock of essential medicines and diagnostic kits. | 📈 Enhanced Monitoring: Daily reporting of new cases from local clinics required. | 📢 Local Advisory: Issue health advisories through local media and community leaders.
2026-02-23,Chengalpattu,Chikungunya,0.97,CRITICAL,37,🚨 IMMEDIATE ACTION: Dispatch vector control teams to hotspots within 24 hours. | 🏥 Capacity Surge: Prepare District General Hospital and PHCs for immediate case influx. | 📢 Emergency Advisory: Launch intensive community awareness campaign in affected blocks. | 🔍 Active Surveillance: Initiate door-to-door fever surveillance in priority wards.
2026-02-23,Chengalpattu,Cholera,0.0004,LOW,2,✅ Normal Operations: Continue routine surveillance. | 📊 Data Logging: Maintain weekly reporting cycle.
2026-02-23,Chengalpattu,Dengue,0.9515,CRITICAL,39,🚨 IMMEDIATE ACTION: Dispatch vector control teams to hotspots within 24 hours. | 🏥 Capacity Surge: Prepare District General Hospital and PHCs for immediate case influx. | 📢 Emergency Advisory: Launch intensive community awareness campaign in affected blocks. | 🔍 Active Surveillance: Initiate door-to-door fever surveillance in priority wards. | 🌧️ Monsoon Specific: Ensure drain clearance and stagnant water removal (NE Monsoon prep).
2026-02-23,Chengalpattu,Leptospirosis,0.9207,CRITICAL,13,🚨 IMMEDIATE ACTION: Dispatch vector control teams to hotspots within 24 hours. | 🏥 Capacity Surge: Prepare District General Hospital and PHCs for immediate case influx. | 📢 Emergency Advisory: Launch intensive community awareness campaign in affected blocks. | 🔍 Active Surveillance: Initiate door-to-door fever surveillance in priority wards. | 🌧️ Monsoon Specific: Distribute prophylaxis to workers in flooded agriculture zones.
2026-02-23,Chengalpattu,Malaria,0.8898,CRITICAL,47,🚨 IMMEDIATE ACTION: Dispatch vector control teams to hotspots within 24 hours. | 🏥 Capacity Surge: Prepare District General Hospital and PHCs for immediate case influx. | 📢 Emergency Advisory: Launch intensive community awareness campaign in affected blocks. | 🔍 Active Surveillance: Initiate door-to-door fever surveillance in priority wards.
2026-02-23,Chennai,Chikungunya,0.9976,CRITICAL,53,🚨 IMMEDIATE ACTION: Dispatch vector control teams to hotspots within 24 hours. | 🏥 Capacity Surge: Prepare District General Hospital and PHCs for immediate case influx. | 📢 Emergency Advisory: Launch intensive community awareness campaign in affected blocks. | 🔍 Active Surveillance: Initiate door-to-door fever surveillance in priority wards.
2026-02-23,Chennai,Cholera,0.5917,WATCH,1,👀 Surveillance: Monitor case trends closely for next 7 days. | 🧹 Prevention: Routine sanitation and vector control measures in identified areas. | 📋 Verification: Cross-verify reported cases with clinical samples.
2026-02-23,Chennai,Dengue,0.6987,HIGH,22,⚠️ Priority Action: Begin targeted fogging and source reduction in high-risk zones. | 🏥 Preparedness: Ensure adequate stock of essential medicines and diagnostic kits. | 📈 Enhanced Monitoring: Daily reporting of new cases from local clinics required. | 📢 Local Advisory: Issue health advisories through local media and community leaders. | 🌧️ Monsoon Specific: Ensure drain clearance and stagnant water removal (NE Monsoon prep).
2026-02-23,Chennai,Leptospirosis,0.9994,CRITICAL,69,🚨 IMMEDIATE ACTION: Dispatch vector control teams to hotspots within 24 hours. | 🏥 Capacity Surge: Prepare District General Hospital and PHCs for immediate case influx. | 📢 Emergency Advisory: Launch intensive community awareness campaign in affected blocks. | 🔍 Active Surveillance: Initiate door-to-door fever surveillance in priority wards. | 🌧️ Monsoon Specific: Distribute prophylaxis to workers in flooded agriculture zones.
2026-02-23,Chennai,Malaria,0.9825,CRITICAL,55,🚨 IMMEDIATE ACTION: Dispatch vector control teams to hotspots within 24 hours. | 🏥 Capacity Surge: Prepare District General Hospital and PHCs for immediate case influx. | 📢 Emergency Advisory: Launch intensive community awareness campaign in affected blocks. | 🔍 Active Surveillance: Initiate door-to-door fever surveillance in priority wards.
2026-02-23,Coimbatore,Chikungunya,0.955,CRITICAL,13,🚨 IMMEDIATE ACTION: Dispatch vector control teams to hotspots within 24 hours. | 🏥 Capacity Surge: Prepare District General Hospital and PHCs for immediate case influx. | 📢 Emergency Advisory: Launch intensive community awareness campaign in affected blocks. | 🔍 Active Surveillance: Initiate door-to-door fever surveillance in priority wards.
2026-02-23,Coimbatore,Cholera,0.0003,LOW,3,✅ Normal Operations: Continue routine surveillance. | 📊 Data Logging: Maintain weekly reporting cycle.
2026-02-23,Coimbatore,Dengue,0.7554,HIGH,26,⚠️ Priority Action: Begin targeted fogging and source reduction in high-risk zones. | 🏥 Preparedness: Ensure adequate stock of essential medicines and diagnostic kits. | 📈 Enhanced Monitoring: Daily reporting of new cases from local clinics required. | 📢 Local Advisory: Issue health advisories through local media and community leaders. | 🌧️ Monsoon Specific: Ensure drain clearance and stagnant water removal (NE Monsoon prep).
2026-02-23,Coimbatore,Leptospirosis,0.9988,CRITICAL,59,🚨 IMMEDIATE ACTION: Dispatch vector control teams to hotspots within 24 hours. | 🏥 Capacity Surge: Prepare District General Hospital and PHCs for immediate case influx. | 📢 Emergency Advisory: Launch intensive community awareness campaign in affected blocks. | 🔍 Active Surveillance: Initiate door-to-door fever surveillance in priority wards. | 🌧️ Monsoon Specific: Distribute prophylaxis to workers in flooded agriculture zones.
2026-02-23,Coimbatore,Malaria,0.6013,HIGH,19,⚠️ Priority Action: Begin targeted fogging and source reduction in high-risk zones. | 🏥 Preparedness: Ensure adequate stock of essential medicines and diagnostic kits. | 📈 Enhanced Monitoring: Daily reporting of new cases from local clinics required. | 📢 Local Advisory: Issue health advisories through local media and community leaders.
2026-02-23,Cuddalore,Chikungunya,0.9989,CRITICAL,51,🚨 IMMEDIATE ACTION: Dispatch vector control teams to hotspots within 24 hours. | 🏥 Capacity Surge: Prepare District General Hospital and PHCs for immediate case influx. | 📢 Emergency Advisory: Launch intensive community awareness campaign in affected blocks. | 🔍 Active Surveillance: Initiate door-to-door fever surveillance in priority wards.
2026-02-23,Cuddalore,Cholera,0.0002,LOW,0,✅ Normal Operations: Continue routine surveillance. | 📊 Data Logging: Maintain weekly reporting cycle.
2026-02-23,Cuddalore,Dengue,0.2411,LOW,11,✅ Normal Operations: Continue routine surveillance. | 📊 Data Logging: Maintain weekly reporting cycle.
2026-02-23,Cuddalore,Leptospirosis,0.9956,CRITICAL,63,🚨 IMMEDIATE ACTION: Dispatch vector control teams to hotspots within 24 hours. | 🏥 Capacity Surge: Prepare District General Hospital and PHCs for immediate case influx. | 📢 Emergency Advisory: Launch intensive community awareness campaign in affected blocks. | 🔍 Active Surveillance: Initiate door-to-door fever surveillance in priority wards. | 🌧️ Monsoon Specific: Distribute prophylaxis to workers in flooded agriculture zones.
2026-02-23,Cuddalore,Malaria,0.971,CRITICAL,55,🚨 IMMEDIATE ACTION: Dispatch vector control teams to hotspots within 24 hours. | 🏥 Capacity Surge: Prepare District General Hospital and PHCs for immediate case influx. | 📢 Emergency Advisory: Launch intensive community awareness campaign in affected blocks. | 🔍 Active Surveillance: Initiate door-to-door fever surveillance in priority wards.
2026-02-23,Dharmapuri,Chikungunya,0.9707,CRITICAL,67,🚨 IMMEDIATE ACTION: Dispatch vector control teams to hotspots within 24 hours. | 🏥 Capacity Surge: Prepare District General Hospital and PHCs for immediate case influx. | 📢 Emergency Advisory: Launch intensive community awareness campaign in affected blocks. | 🔍 Active Surveillance: Initiate door-to-door fever surveillance in priority wards.
2026-02-23,Dharmapuri,Cholera,0.0002,LOW,4,✅ Normal Operations: Continue routine surveillance. | 📊 Data Logging: Maintain weekly reporting cycle.
2026-02-23,Dharmapuri,Dengue,0.893,CRITICAL,51,🚨 IMMEDIATE ACTION: Dispatch vector control teams to hotspots within 24 hours. | 🏥 Capacity Surge: Prepare District General Hospital and PHCs for immediate case influx. | 📢 Emergency Advisory: Launch intensive community awareness campaign in affected blocks. | 🔍 Active Surveillance: Initiate door-to-door fever surveillance in priority wards. | 🌧️ Monsoon Specific: Ensure drain clearance and stagnant water removal (NE Monsoon prep).
2026-02-23,Dharmapuri,Leptospirosis,0.9825,CRITICAL,53,🚨 IMMEDIATE ACTION: Dispatch vector control teams to hotspots within 24 hours. | 🏥 Capacity Surge: Prepare District General Hospital and PHCs for immediate case influx. | 📢 Emergency Advisory: Launch intensive community awareness campaign in affected blocks. | 🔍 Active Surveillance: Initiate door-to-door fever surveillance in priority wards. | 🌧️ Monsoon Specific: Distribute prophylaxis to workers in flooded agriculture zones.
2026-02-23,Dharmapuri,Malaria,0.8121,HIGH,19,⚠️ Priority Action: Begin targeted fogging and source reduction in high-risk zones. | 🏥 Preparedness: Ensure adequate stock of essential medicines and diagnostic kits. | 📈 Enhanced Monitoring: Daily reporting of new cases from local clinics required. | 📢 Local Advisory: Issue health advisories through local media and community leaders.
2026-02-23,Dindigul,Chikungunya,0.9991,CRITICAL,43,🚨 IMMEDIATE ACTION: Dispatch vector control teams to hotspots within 24 hours. | 🏥 Capacity Surge: Prepare District General Hospital and PHCs for immediate case influx. | 📢 Emergency Advisory: Launch intensive community awareness campaign in affected blocks. | 🔍 Active Surveillance: Initiate door-to-door fever surveillance in priority wards.
2026-02-23,Dindigul,Cholera,0.0319,LOW,0,✅ Normal Operations: Continue routine surveillance. | 📊 Data Logging: Maintain weekly reporting cycle.
2026-02-23,Dindigul,Dengue,0.8862,CRITICAL,116,🚨 IMMEDIATE ACTION: Dispatch vector control teams to hotspots within 24 hours. | 🏥 Capacity Surge: Prepare District General Hospital and PHCs for immediate case influx. | 📢 Emergency Advisory: Launch intensive community awareness campaign in affected blocks. | 🔍 Active Surveillance: Initiate door-to-door fever surveillance in priority wards. | 🌧️ Monsoon Specific: Ensure drain clearance and stagnant water removal (NE Monsoon prep).
2026-02-23,Dindigul,Leptospirosis,0.6111,HIGH,9,⚠️ Priority Action: Begin targeted fogging and source reduction in high-risk zones. | 🏥 Preparedness: Ensure adequate stock of essential medicines and diagnostic kits. | 📈 Enhanced Monitoring: Daily reporting of new cases from local clinics required. | 📢 Local Advisory: Issue health advisories through local media and community leaders. | 🌧️ Monsoon Specific: Distribute prophylaxis to workers in flooded agriculture zones.
2026-02-23,Dindigul,Malaria,0.9792,CRITICAL,57,🚨 IMMEDIATE ACTION: Dispatch vector control teams to hotspots within 24 hours. | 🏥 Capacity Surge: Prepare District General Hospital and PHCs for immediate case influx. | 📢 Emergency Advisory: Launch intensive community awareness campaign in affected blocks. | 🔍 Active Surveillance: Initiate door-to-door fever surveillance in priority wards.
2026-02-23,Erode,Chikungunya,0.9982,CRITICAL,71,🚨 IMMEDIATE ACTION: Dispatch vector control teams to hotspots within 24 hours. | 🏥 Capacity Surge: Prepare District General Hospital and PHCs for immediate case influx. | 📢 Emergency Advisory: Launch intensive community awareness campaign in affected blocks. | 🔍 Active Surveillance: Initiate door-to-door fever surveillance in priority wards.
2026-02-23,Erode,Cholera,0.0003,LOW,3,✅ Normal Operations: Continue routine surveillance. | 📊 Data Logging: Maintain weekly reporting cycle.
2026-02-23,Erode,Dengue,0.921,CRITICAL,76,🚨 IMMEDIATE ACTION: Dispatch vector control teams to hotspots within 24 hours. | 🏥 Capacity Surge: Prepare District General Hospital and PHCs for immediate case influx. | 📢 Emergency Advisory: Launch intensive community awareness campaign in affected blocks. | 🔍 Active Surveillance: Initiate door-to-door fever surveillance in priority wards. | 🌧️ Monsoon Specific: Ensure drain clearance and stagnant water removal (NE Monsoon prep).
2026-02-23,Erode,Leptospirosis,0.9969,CRITICAL,53,🚨 IMMEDIATE ACTION: Dispatch vector control teams to hotspots within 24 hours. | 🏥 Capacity Surge: Prepare District General Hospital and PHCs for immediate case influx. | 📢 Emergency Advisory: Launch intensive community awareness campaign in affected blocks. | 🔍 Active Surveillance: Initiate door-to-door fever surveillance in priority wards. | 🌧️ Monsoon Specific: Distribute prophylaxis to workers in flooded agriculture zones.
2026-02-23,Erode,Malaria,0.698,HIGH,42,⚠️ Priority Action: Begin targeted fogging and source reduction in high-risk zones. | 🏥 Preparedness: Ensure adequate stock of essential medicines and diagnostic kits. | 📈 Enhanced Monitoring: Daily reporting of new cases from local clinics required. | 📢 Local Advisory: Issue health advisories through local media and community leaders.
2026-02-23,Kallakurichi,Chikungunya,0.985,CRITICAL,289,🚨 IMMEDIATE ACTION: Dispatch vector control teams to hotspots within 24 hours. | 🏥 Capacity Surge: Prepare District General Hospital and PHCs for immediate case influx. | 📢 Emergency Advisory: Launch intensive community awareness campaign in affected blocks. | 🔍 Active Surveillance: Initiate door-to-door fever surveillance in priority wards.
2026-02-23,Kallakurichi,Cholera,0.0002,LOW,3,✅ Normal Operations: Continue routine surveillance. | 📊 Data Logging: Maintain weekly reporting cycle.
2026-02-23,Kallakurichi,Dengue,0.813,HIGH,32,⚠️ Priority Action: Begin targeted fogging and source reduction in high-risk zones. | 🏥 Preparedness: Ensure adequate stock of essential medicines and diagnostic kits. | 📈 Enhanced Monitoring: Daily reporting of new cases from local clinics required. | 📢 Local Advisory: Issue health advisories through local media and community leaders. | 🌧️ Monsoon Specific: Ensure drain clearance and stagnant water removal (NE Monsoon prep).
2026-02-23,Kallakurichi,Leptospirosis,0.9762,CRITICAL,57,🚨 IMMEDIATE ACTION: Dispatch vector control teams to hotspots within 24 hours. | 🏥 Capacity Surge: Prepare District General Hospital and PHCs for immediate case influx. | 📢 Emergency Advisory: Launch intensive community awareness campaign in affected blocks. | 🔍 Active Surveillance: Initiate door-to-door fever surveillance in priority wards. | 🌧️ Monsoon Specific: Distribute prophylaxis to workers in flooded agriculture zones.
2026-02-23,Kallakurichi,Malaria,0.8625,CRITICAL,31,🚨 IMMEDIATE ACTION: Dispatch vector control teams to hotspots within 24 hours. | 🏥 Capacity Surge: Prepare District General Hospital and PHCs for immediate case influx. | 📢 Emergency Advisory: Launch intensive community awareness campaign in affected blocks. | 🔍 Active Surveillance: Initiate door-to-door fever surveillance in priority wards.
2026-02-23,Kancheepuram,Chikungunya,0.9698,CRITICAL,21,🚨 IMMEDIATE ACTION: Dispatch vector control teams to hotspots within 24 hours. | 🏥 Capacity Surge: Prepare District General Hospital and PHCs for immediate case influx. | 📢 Emergency Advisory: Launch intensive community awareness campaign in affected blocks. | 🔍 Active Surveillance: Initiate door-to-door fever surveillance in priority wards.
2026-02-23,Kancheepuram,Cholera,0.0002,LOW,1,✅ Normal Operations: Continue routine surveillance. | 📊 Data Logging: Maintain weekly reporting cycle.
2026-02-23,Kancheepuram,Dengue,0.5119,WATCH,9,👀 Surveillance: Monitor case trends closely for next 7 days. | 🧹 Prevention: Routine sanitation and vector control measures in identified areas. | 📋 Verification: Cross-verify reported cases with clinical samples.
2026-02-23,Kancheepuram,Leptospirosis,0.9733,CRITICAL,161,🚨 IMMEDIATE ACTION: Dispatch vector control teams to hotspots within 24 hours. | 🏥 Capacity Surge: Prepare District General Hospital and PHCs for immediate case influx. | 📢 Emergency Advisory: Launch intensive community awareness campaign in affected blocks. | 🔍 Active Surveillance: Initiate door-to-door fever surveillance in priority wards. | 🌧️ Monsoon Specific: Distribute prophylaxis to workers in flooded agriculture zones.
2026-02-23,Kancheepuram,Malaria,0.8871,CRITICAL,35,🚨 IMMEDIATE ACTION: Dispatch vector control teams to hotspots within 24 hours. | 🏥 Capacity Surge: Prepare District General Hospital and PHCs for immediate case influx. | 📢 Emergency Advisory: Launch intensive community awareness campaign in affected blocks. | 🔍 Active Surveillance: Initiate door-to-door fever surveillance in priority wards.
2026-02-23,Kanyakumari,Chikungunya,0.9832,CRITICAL,21,🚨 IMMEDIATE ACTION: Dispatch vector control teams to hotspots within 24 hours. | 🏥 Capacity Surge: Prepare District General Hospital and PHCs for immediate case influx. | 📢 Emergency Advisory: Launch intensive community awareness campaign in affected blocks. | 🔍 Active Surveillance: Initiate door-to-door fever surveillance in priority wards.
2026-02-23,Kanyakumari,Cholera,0.0002,LOW,0,✅ Normal Operations: Continue routine surveillance. | 📊 Data Logging: Maintain weekly reporting cycle.
2026-02-23,Kanyakumari,Dengue,0.1178,LOW,14,✅ Normal Operations: Continue routine surveillance. | 📊 Data Logging: Maintain weekly reporting cycle.
2026-02-23,Kanyakumari,Leptospirosis,0.9969,CRITICAL,65,🚨 IMMEDIATE ACTION: Dispatch vector control teams to hotspots within 24 hours. | 🏥 Capacity Surge: Prepare District General Hospital and PHCs for immediate case influx. | 📢 Emergency Advisory: Launch intensive community awareness campaign in affected blocks. | 🔍 Active Surveillance: Initiate door-to-door fever surveillance in priority wards. | 🌧️ Monsoon Specific: Distribute prophylaxis to workers in flooded agriculture zones.
2026-02-23,Kanyakumari,Malaria,0.6686,HIGH,25,⚠️ Priority Action: Begin targeted fogging and source reduction in high-risk zones. | 🏥 Preparedness: Ensure adequate stock of essential medicines and diagnostic kits. | 📈 Enhanced Monitoring: Daily reporting of new cases from local clinics required. | 📢 Local Advisory: Issue health advisories through local media and community leaders.
2026-02-23,Karur,Chikungunya,0.9856,CRITICAL,61,🚨 IMMEDIATE ACTION: Dispatch vector control teams to hotspots within 24 hours. | 🏥 Capacity Surge: Prepare District General Hospital and PHCs for immediate case influx. | 📢 Emergency Advisory: Launch intensive community awareness campaign in affected blocks. | 🔍 Active Surveillance: Initiate door-to-door fever surveillance in priority wards.
2026-02-23,Karur,Cholera,0.0003,LOW,4,✅ Normal Operations: Continue routine surveillance. | 📊 Data Logging: Maintain weekly reporting cycle.
2026-02-23,Karur,Dengue,0.909,CRITICAL,41,🚨 IMMEDIATE ACTION: Dispatch vector control teams to hotspots within 24 hours. | 🏥 Capacity Surge: Prepare District General Hospital and PHCs for immediate case influx. | 📢 Emergency Advisory: Launch intensive community awareness campaign in affected blocks. | 🔍 Active Surveillance: Initiate door-to-door fever surveillance in priority wards. | 🌧️ Monsoon Specific: Ensure drain clearance and stagnant water removal (NE Monsoon prep).
2026-02-23,Karur,Leptospirosis,0.9939,CRITICAL,81,🚨 IMMEDIATE ACTION: Dispatch vector control teams to hotspots within 24 hours. | 🏥 Capacity Surge: Prepare District General Hospital and PHCs for immediate case influx. | 📢 Emergency Advisory: Launch intensive community awareness campaign in affected blocks. | 🔍 Active Surveillance: Initiate door-to-door fever surveillance in priority wards. | 🌧️ Monsoon Specific: Distribute prophylaxis to workers in flooded agriculture zones.
2026-02-23,Karur,Malaria,0.1124,LOW,15,✅ Normal Operations: Continue routine surveillance. | 📊 Data Logging: Maintain weekly reporting cycle.
2026-02-23,Krishnagiri,Chikungunya,0.9922,CRITICAL,41,🚨 IMMEDIATE ACTION: Dispatch vector control teams to hotspots within 24 hours. | 🏥 Capacity Surge: Prepare District General Hospital and PHCs for immediate case influx. | 📢 Emergency Advisory: Launch intensive community awareness campaign in affected blocks. | 🔍 Active Surveillance: Initiate door-to-door fever surveillance in priority wards.
2026-02-23,Krishnagiri,Cholera,0.0002,LOW,0,✅ Normal Operations: Continue routine surveillance. | 📊 Data Logging: Maintain weekly reporting cycle.
2026-02-23,Krishnagiri,Dengue,0.0289,LOW,12,✅ Normal Operations: Continue routine surveillance. | 📊 Data Logging: Maintain weekly reporting cycle.
2026-02-23,Krishnagiri,Leptospirosis,0.9939,CRITICAL,41,🚨 IMMEDIATE ACTION: Dispatch vector control teams to hotspots within 24 hours. | 🏥 Capacity Surge: Prepare District General Hospital and PHCs for immediate case influx. | 📢 Emergency Advisory: Launch intensive community awareness campaign in affected blocks. | 🔍 Active Surveillance: Initiate door-to-door fever surveillance in priority wards. | 🌧️ Monsoon Specific: Distribute prophylaxis to workers in flooded agriculture zones.
2026-02-23,Krishnagiri,Malaria,0.7946,HIGH,52,⚠️ Priority Action: Begin targeted fogging and source reduction in high-risk zones. | 🏥 Preparedness: Ensure adequate stock of essential medicines and diagnostic kits. | 📈 Enhanced Monitoring: Daily reporting of new cases from local clinics required. | 📢 Local Advisory: Issue health advisories through local media and community leaders.
2026-02-23,Madurai,Chikungunya,0.9623,CRITICAL,60,🚨 IMMEDIATE ACTION: Dispatch vector control teams to hotspots within 24 hours. | 🏥 Capacity Surge: Prepare District General Hospital and PHCs for immediate case influx. | 📢 Emergency Advisory: Launch intensive community awareness campaign in affected blocks. | 🔍 Active Surveillance: Initiate door-to-door fever surveillance in priority wards.
2026-02-23,Madurai,Cholera,0.4415,WATCH,2,👀 Surveillance: Monitor case trends closely for next 7 days. | 🧹 Prevention: Routine sanitation and vector control measures in identified areas. | 📋 Verification: Cross-verify reported cases with clinical samples.
2026-02-23,Madurai,Dengue,0.8689,CRITICAL,24,🚨 IMMEDIATE ACTION: Dispatch vector control teams to hotspots within 24 hours. | 🏥 Capacity Surge: Prepare District General Hospital and PHCs for immediate case influx. | 📢 Emergency Advisory: Launch intensive community awareness campaign in affected blocks. | 🔍 Active Surveillance: Initiate door-to-door fever surveillance in priority wards. | 🌧️ Monsoon Specific: Ensure drain clearance and stagnant water removal (NE Monsoon prep).
2026-02-23,Madurai,Leptospirosis,0.998,CRITICAL,43,🚨 IMMEDIATE ACTION: Dispatch vector control teams to hotspots within 24 hours. | 🏥 Capacity Surge: Prepare District General Hospital and PHCs for immediate case influx. | 📢 Emergency Advisory: Launch intensive community awareness campaign in affected blocks. | 🔍 Active Surveillance: Initiate door-to-door fever surveillance in priority wards. | 🌧️ Monsoon Specific: Distribute prophylaxis to workers in flooded agriculture zones.
2026-02-23,Madurai,Malaria,0.8971,CRITICAL,34,🚨 IMMEDIATE ACTION: Dispatch vector control teams to hotspots within 24 hours. | 🏥 Capacity Surge: Prepare District General Hospital and PHCs for immediate case influx. | 📢 Emergency Advisory: Launch intensive community awareness campaign in affected blocks. | 🔍 Active Surveillance: Initiate door-to-door fever surveillance in priority wards.
2026-02-23,Mayiladuthurai,Chikungunya,0.9808,CRITICAL,37,🚨 IMMEDIATE ACTION: Dispatch vector control teams to hotspots within 24 hours. | 🏥 Capacity Surge: Prepare District General Hospital and PHCs for immediate case influx. | 📢 Emergency Advisory: Launch intensive community awareness campaign in affected blocks. | 🔍 Active Surveillance: Initiate door-to-door fever surveillance in priority wards.
2026-02-23,Mayiladuthurai,Cholera,0.0003,LOW,3,✅ Normal Operations: Continue routine surveillance. | 📊 Data Logging: Maintain weekly reporting cycle.
2026-02-23,Mayiladuthurai,Dengue,0.7491,HIGH,110,⚠️ Priority Action: Begin targeted fogging and source reduction in high-risk zones. | 🏥 Preparedness: Ensure adequate stock of essential medicines and diagnostic kits. | 📈 Enhanced Monitoring: Daily reporting of new cases from local clinics required. | 📢 Local Advisory: Issue health advisories through local media and community leaders. | 🌧️ Monsoon Specific: Ensure drain clearance and stagnant water removal (NE Monsoon prep).
2026-02-23,Mayiladuthurai,Leptospirosis,0.9918,CRITICAL,59,🚨 IMMEDIATE ACTION: Dispatch vector control teams to hotspots within 24 hours. | 🏥 Capacity Surge: Prepare District General Hospital and PHCs for immediate case influx. | 📢 Emergency Advisory: Launch intensive community awareness campaign in affected blocks. | 🔍 Active Surveillance: Initiate door-to-door fever surveillance in priority wards. | 🌧️ Monsoon Specific: Distribute prophylaxis to workers in flooded agriculture zones.
2026-02-23,Mayiladuthurai,Malaria,0.9043,CRITICAL,41,🚨 IMMEDIATE ACTION: Dispatch vector control teams to hotspots within 24 hours. | 🏥 Capacity Surge: Prepare District General Hospital and PHCs for immediate case influx. | 📢 Emergency Advisory: Launch intensive community awareness campaign in affected blocks. | 🔍 Active Surveillance: Initiate door-to-door fever surveillance in priority wards.
2026-02-23,Nagapattinam,Chikungunya,0.9776,CRITICAL,33,🚨 IMMEDIATE ACTION: Dispatch vector control teams to hotspots within 24 hours. | 🏥 Capacity Surge: Prepare District General Hospital and PHCs for immediate case influx. | 📢 Emergency Advisory: Launch intensive community awareness campaign in affected blocks. | 🔍 Active Surveillance: Initiate door-to-door fever surveillance in priority wards.
2026-02-23,Nagapattinam,Cholera,0.0002,LOW,4,✅ Normal Operations: Continue routine surveillance. | 📊 Data Logging: Maintain weekly reporting cycle.
2026-02-23,Nagapattinam,Dengue,0.522,WATCH,22,👀 Surveillance: Monitor case trends closely for next 7 days. | 🧹 Prevention: Routine sanitation and vector control measures in identified areas. | 📋 Verification: Cross-verify reported cases with clinical samples.
2026-02-23,Nagapattinam,Leptospirosis,0.9987,CRITICAL,99,🚨 IMMEDIATE ACTION: Dispatch vector control teams to hotspots within 24 hours. | 🏥 Capacity Surge: Prepare District General Hospital and PHCs for immediate case influx. | 📢 Emergency Advisory: Launch intensive community awareness campaign in affected blocks. | 🔍 Active Surveillance: Initiate door-to-door fever surveillance in priority wards. | 🌧️ Monsoon Specific: Distribute prophylaxis to workers in flooded agriculture zones.
2026-02-23,Nagapattinam,Malaria,0.9158,CRITICAL,34,🚨 IMMEDIATE ACTION: Dispatch vector control teams to hotspots within 24 hours. | 🏥 Capacity Surge: Prepare District General Hospital and PHCs for immediate case influx. | 📢 Emergency Advisory: Launch intensive community awareness campaign in affected blocks. | 🔍 Active Surveillance: Initiate door-to-door fever surveillance in priority wards.
2026-02-23,Namakkal,Chikungunya,0.9963,CRITICAL,65,🚨 IMMEDIATE ACTION: Dispatch vector control teams to hotspots within 24 hours. | 🏥 Capacity Surge: Prepare District General Hospital and PHCs for immediate case influx. | 📢 Emergency Advisory: Launch intensive community awareness campaign in affected blocks. | 🔍 Active Surveillance: Initiate door-to-door fever surveillance in priority wards.
2026-02-23,Namakkal,Cholera,0.0002,LOW,3,✅ Normal Operations: Continue routine surveillance. | 📊 Data Logging: Maintain weekly reporting cycle.
2026-02-23,Namakkal,Dengue,0.1427,LOW,12,✅ Normal Operations: Continue routine surveillance. | 📊 Data Logging: Maintain weekly reporting cycle.
2026-02-23,Namakkal,Leptospirosis,0.9976,CRITICAL,67,🚨 IMMEDIATE ACTION: Dispatch vector control teams to hotspots within 24 hours. | 🏥 Capacity Surge: Prepare District General Hospital and PHCs for immediate case influx. | 📢 Emergency Advisory: Launch intensive community awareness campaign in affected blocks. | 🔍 Active Surveillance: Initiate door-to-door fever surveillance in priority wards. | 🌧️ Monsoon Specific: Distribute prophylaxis to workers in flooded agriculture zones.
2026-02-23,Namakkal,Malaria,0.8708,CRITICAL,39,🚨 IMMEDIATE ACTION: Dispatch vector control teams to hotspots within 24 hours. | 🏥 Capacity Surge: Prepare District General Hospital and PHCs for immediate case influx. | 📢 Emergency Advisory: Launch intensive community awareness campaign in affected blocks. | 🔍 Active Surveillance: Initiate door-to-door fever surveillance in priority wards.
2026-02-23,Nilgiris,Chikungunya,0.9762,CRITICAL,53,🚨 IMMEDIATE ACTION: Dispatch vector control teams to hotspots within 24 hours. | 🏥 Capacity Surge: Prepare District General Hospital and PHCs for immediate case influx. | 📢 Emergency Advisory: Launch intensive community awareness campaign in affected blocks. | 🔍 Active Surveillance: Initiate door-to-door fever surveillance in priority wards.
2026-02-23,Nilgiris,Cholera,0.0002,LOW,4,✅ Normal Operations: Continue routine surveillance. | 📊 Data Logging: Maintain weekly reporting cycle.
2026-02-23,Nilgiris,Dengue,0.9369,CRITICAL,112,🚨 IMMEDIATE ACTION: Dispatch vector control teams to hotspots within 24 hours. | 🏥 Capacity Surge: Prepare District General Hospital and PHCs for immediate case influx. | 📢 Emergency Advisory: Launch intensive community awareness campaign in affected blocks. | 🔍 Active Surveillance: Initiate door-to-door fever surveillance in priority wards. | 🌧️ Monsoon Specific: Ensure drain clearance and stagnant water removal (NE Monsoon prep).
2026-02-23,Nilgiris,Leptospirosis,0.9982,CRITICAL,59,🚨 IMMEDIATE ACTION: Dispatch vector control teams to hotspots within 24 hours. | 🏥 Capacity Surge: Prepare District General Hospital and PHCs for immediate case influx. | 📢 Emergency Advisory: Launch intensive community awareness campaign in affected blocks. | 🔍 Active Surveillance: Initiate door-to-door fever surveillance in priority wards. | 🌧️ Monsoon Specific: Distribute prophylaxis to workers in flooded agriculture zones.
2026-02-23,Nilgiris,Malaria,0.0757,LOW,12,✅ Normal Operations: Continue routine surveillance. | 📊 Data Logging: Maintain weekly reporting cycle.
2026-02-23,Perambalur,Chikungunya,0.8692,CRITICAL,13,🚨 IMMEDIATE ACTION: Dispatch vector control teams to hotspots within 24 hours. | 🏥 Capacity Surge: Prepare District General Hospital and PHCs for immediate case influx. | 📢 Emergency Advisory: Launch intensive community awareness campaign in affected blocks. | 🔍 Active Surveillance: Initiate door-to-door fever surveillance in priority wards.
2026-02-23,Perambalur,Cholera,0.0002,LOW,1,✅ Normal Operations: Continue routine surveillance. | 📊 Data Logging: Maintain weekly reporting cycle.
2026-02-23,Perambalur,Dengue,0.4544,WATCH,8,👀 Surveillance: Monitor case trends closely for next 7 days. | 🧹 Prevention: Routine sanitation and vector control measures in identified areas. | 📋 Verification: Cross-verify reported cases with clinical samples.
2026-02-23,Perambalur,Leptospirosis,0.9692,CRITICAL,29,🚨 IMMEDIATE ACTION: Dispatch vector control teams to hotspots within 24 hours. | 🏥 Capacity Surge: Prepare District General Hospital and PHCs for immediate case influx. | 📢 Emergency Advisory: Launch intensive community awareness campaign in affected blocks. | 🔍 Active Surveillance: Initiate door-to-door fever surveillance in priority wards. | 🌧️ Monsoon Specific: Distribute prophylaxis to workers in flooded agriculture zones.
2026-02-23,Perambalur,Malaria,0.003,LOW,10,✅ Normal Operations: Continue routine surveillance. | 📊 Data Logging: Maintain weekly reporting cycle.
2026-02-23,Pudukkottai,Chikungunya,0.9993,CRITICAL,61,🚨 IMMEDIATE ACTION: Dispatch vector control teams to hotspots within 24 hours. | 🏥 Capacity Surge: Prepare District General Hospital and PHCs for immediate case influx. | 📢 Emergency Advisory: Launch intensive community awareness campaign in affected blocks. | 🔍 Active Surveillance: Initiate door-to-door fever surveillance in priority wards.
2026-02-23,Pudukkottai,Cholera,0.0909,LOW,5,✅ Normal Operations: Continue routine surveillance. | 📊 Data Logging: Maintain weekly reporting cycle.
2026-02-23,Pudukkottai,Dengue,0.1459,LOW,11,✅ Normal Operations: Continue routine surveillance. | 📊 Data Logging: Maintain weekly reporting cycle.
2026-02-23,Pudukkottai,Leptospirosis,0.9982,CRITICAL,63,🚨 IMMEDIATE ACTION: Dispatch vector control teams to hotspots within 24 hours. | 🏥 Capacity Surge: Prepare District General Hospital and PHCs for immediate case influx. | 📢 Emergency Advisory: Launch intensive community awareness campaign in affected blocks. | 🔍 Active Surveillance: Initiate door-to-door fever surveillance in priority wards. | 🌧️ Monsoon Specific: Distribute prophylaxis to workers in flooded agriculture zones.
2026-02-23,Pudukkottai,Malaria,0.0074,LOW,14,✅ Normal Operations: Continue routine surveillance. | 📊 Data Logging: Maintain weekly reporting cycle.
2026-02-23,Ramanathapuram,Chikungunya,0.9814,CRITICAL,27,🚨 IMMEDIATE ACTION: Dispatch vector control teams to hotspots within 24 hours. | 🏥 Capacity Surge: Prepare District General Hospital and PHCs for immediate case influx. | 📢 Emergency Advisory: Launch intensive community awareness campaign in affected blocks. | 🔍 Active Surveillance: Initiate door-to-door fever surveillance in priority wards.
2026-02-23,Ramanathapuram,Cholera,0.6145,HIGH,3,⚠️ Priority Action: Begin targeted fogging and source reduction in high-risk zones. | 🏥 Preparedness: Ensure adequate stock of essential medicines and diagnostic kits. | 📈 Enhanced Monitoring: Daily reporting of new cases from local clinics required. | 📢 Local Advisory: Issue health advisories through local media and community leaders. | 🌧️ Monsoon Specific: Audit chlorination levels in community water tanks.
2026-02-23,Ramanathapuram,Dengue,0.2304,LOW,19,✅ Normal Operations: Continue routine surveillance. | 📊 Data Logging: Maintain weekly reporting cycle.
2026-02-23,Ramanathapuram,Leptospirosis,0.9913,CRITICAL,55,🚨 IMMEDIATE ACTION: Dispatch vector control teams to hotspots within 24 hours. | 🏥 Capacity Surge: Prepare District General Hospital and PHCs for immediate case influx. | 📢 Emergency Advisory: Launch intensive community awareness campaign in affected blocks. | 🔍 Active Surveillance: Initiate door-to-door fever surveillance in priority wards. | 🌧️ Monsoon Specific: Distribute prophylaxis to workers in flooded agriculture zones.
2026-02-23,Ramanathapuram,Malaria,0.7971,HIGH,39,⚠️ Priority Action: Begin targeted fogging and source reduction in high-risk zones. | 🏥 Preparedness: Ensure adequate stock of essential medicines and diagnostic kits. | 📈 Enhanced Monitoring: Daily reporting of new cases from local clinics required. | 📢 Local Advisory: Issue health advisories through local media and community leaders.
2026-02-23,Ranipet,Chikungunya,0.5712,WATCH,12,👀 Surveillance: Monitor case trends closely for next 7 days. | 🧹 Prevention: Routine sanitation and vector control measures in identified areas. | 📋 Verification: Cross-verify reported cases with clinical samples.
2026-02-23,Ranipet,Cholera,0.0003,LOW,1,✅ Normal Operations: Continue routine surveillance. | 📊 Data Logging: Maintain weekly reporting cycle.
2026-02-23,Ranipet,Dengue,0.5419,WATCH,12,👀 Surveillance: Monitor case trends closely for next 7 days. | 🧹 Prevention: Routine sanitation and vector control measures in identified areas. | 📋 Verification: Cross-verify reported cases with clinical samples.
2026-02-23,Ranipet,Leptospirosis,0.999,CRITICAL,73,🚨 IMMEDIATE ACTION: Dispatch vector control teams to hotspots within 24 hours. | 🏥 Capacity Surge: Prepare District General Hospital and PHCs for immediate case influx. | 📢 Emergency Advisory: Launch intensive community awareness campaign in affected blocks. | 🔍 Active Surveillance: Initiate door-to-door fever surveillance in priority wards. | 🌧️ Monsoon Specific: Distribute prophylaxis to workers in flooded agriculture zones.
2026-02-23,Ranipet,Malaria,0.8448,HIGH,33,⚠️ Priority Action: Begin targeted fogging and source reduction in high-risk zones. | 🏥 Preparedness: Ensure adequate stock of essential medicines and diagnostic kits. | 📈 Enhanced Monitoring: Daily reporting of new cases from local clinics required. | 📢 Local Advisory: Issue health advisories through local media and community leaders.
2026-02-23,Salem,Chikungunya,0.9301,CRITICAL,42,🚨 IMMEDIATE ACTION: Dispatch vector control teams to hotspots within 24 hours. | 🏥 Capacity Surge: Prepare District General Hospital and PHCs for immediate case influx. | 📢 Emergency Advisory: Launch intensive community awareness campaign in affected blocks. | 🔍 Active Surveillance: Initiate door-to-door fever surveillance in priority wards.
2026-02-23,Salem,Cholera,0.0003,LOW,2,✅ Normal Operations: Continue routine surveillance. | 📊 Data Logging: Maintain weekly reporting cycle.
2026-02-23,Salem,Dengue,0.9779,CRITICAL,140,🚨 IMMEDIATE ACTION: Dispatch vector control teams to hotspots within 24 hours. | 🏥 Capacity Surge: Prepare District General Hospital and PHCs for immediate case influx. | 📢 Emergency Advisory: Launch intensive community awareness campaign in affected blocks. | 🔍 Active Surveillance: Initiate door-to-door fever surveillance in priority wards. | 🌧️ Monsoon Specific: Ensure drain clearance and stagnant water removal (NE Monsoon prep).
2026-02-23,Salem,Leptospirosis,0.9766,CRITICAL,37,🚨 IMMEDIATE ACTION: Dispatch vector control teams to hotspots within 24 hours. | 🏥 Capacity Surge: Prepare District General Hospital and PHCs for immediate case influx. | 📢 Emergency Advisory: Launch intensive community awareness campaign in affected blocks. | 🔍 Active Surveillance: Initiate door-to-door fever surveillance in priority wards. | 🌧️ Monsoon Specific: Distribute prophylaxis to workers in flooded agriculture zones.
2026-02-23,Salem,Malaria,0.2187,LOW,9,✅ Normal Operations: Continue routine surveillance. | 📊 Data Logging: Maintain weekly reporting cycle.
2026-02-23,Sivaganga,Chikungunya,0.9858,CRITICAL,19,🚨 IMMEDIATE ACTION: Dispatch vector control teams to hotspots within 24 hours. | 🏥 Capacity Surge: Prepare District General Hospital and PHCs for immediate case influx. | 📢 Emergency Advisory: Launch intensive community awareness campaign in affected blocks. | 🔍 Active Surveillance: Initiate door-to-door fever surveillance in priority wards.
2026-02-23,Sivaganga,Cholera,0.0006,LOW,4,✅ Normal Operations: Continue routine surveillance. | 📊 Data Logging: Maintain weekly reporting cycle.
2026-02-23,Sivaganga,Dengue,0.8944,CRITICAL,45,🚨 IMMEDIATE ACTION: Dispatch vector control teams to hotspots within 24 hours. | 🏥 Capacity Surge: Prepare District General Hospital and PHCs for immediate case influx. | 📢 Emergency Advisory: Launch intensive community awareness campaign in affected blocks. | 🔍 Active Surveillance: Initiate door-to-door fever surveillance in priority wards. | 🌧️ Monsoon Specific: Ensure drain clearance and stagnant water removal (NE Monsoon prep).
2026-02-23,Sivaganga,Leptospirosis,0.9945,CRITICAL,31,🚨 IMMEDIATE ACTION: Dispatch vector control teams to hotspots within 24 hours. | 🏥 Capacity Surge: Prepare District General Hospital and PHCs for immediate case influx. | 📢 Emergency Advisory: Launch intensive community awareness campaign in affected blocks. | 🔍 Active Surveillance: Initiate door-to-door fever surveillance in priority wards. | 🌧️ Monsoon Specific: Distribute prophylaxis to workers in flooded agriculture zones.
2026-02-23,Sivaganga,Malaria,0.073,LOW,10,✅ Normal Operations: Continue routine surveillance. | 📊 Data Logging: Maintain weekly reporting cycle.
2026-02-23,Tenkasi,Chikungunya,0.9969,CRITICAL,61,🚨 IMMEDIATE ACTION: Dispatch vector control teams to hotspots within 24 hours. | 🏥 Capacity Surge: Prepare District General Hospital and PHCs for immediate case influx. | 📢 Emergency Advisory: Launch intensive community awareness campaign in affected blocks. | 🔍 Active Surveillance: Initiate door-to-door fever surveillance in priority wards.
2026-02-23,Tenkasi,Cholera,0.0002,LOW,1,✅ Normal Operations: Continue routine surveillance. | 📊 Data Logging: Maintain weekly reporting cycle.
2026-02-23,Tenkasi,Dengue,0.0234,LOW,6,✅ Normal Operations: Continue routine surveillance. | 📊 Data Logging: Maintain weekly reporting cycle.
2026-02-23,Tenkasi,Leptospirosis,0.9719,CRITICAL,27,🚨 IMMEDIATE ACTION: Dispatch vector control teams to hotspots within 24 hours. | 🏥 Capacity Surge: Prepare District General Hospital and PHCs for immediate case influx. | 📢 Emergency Advisory: Launch intensive community awareness campaign in affected blocks. | 🔍 Active Surveillance: Initiate door-to-door fever surveillance in priority wards. | 🌧️ Monsoon Specific: Distribute prophylaxis to workers in flooded agriculture zones.
2026-02-23,Tenkasi,Malaria,0.0122,LOW,14,✅ Normal Operations: Continue routine surveillance. | 📊 Data Logging: Maintain weekly reporting cycle.
2026-02-23,Thanjavur,Chikungunya,0.8804,CRITICAL,15,🚨 IMMEDIATE ACTION: Dispatch vector control teams to hotspots within 24 hours. | 🏥 Capacity Surge: Prepare District General Hospital and PHCs for immediate case influx. | 📢 Emergency Advisory: Launch intensive community awareness campaign in affected blocks. | 🔍 Active Surveillance: Initiate door-to-door fever surveillance in priority wards.
2026-02-23,Thanjavur,Cholera,0.0002,LOW,0,✅ Normal Operations: Continue routine surveillance. | 📊 Data Logging: Maintain weekly reporting cycle.
2026-02-23,Thanjavur,Dengue,0.716,HIGH,27,⚠️ Priority Action: Begin targeted fogging and source reduction in high-risk zones. | 🏥 Preparedness: Ensure adequate stock of essential medicines and diagnostic kits. | 📈 Enhanced Monitoring: Daily reporting of new cases from local clinics required. | 📢 Local Advisory: Issue health advisories through local media and community leaders. | 🌧️ Monsoon Specific: Ensure drain clearance and stagnant water removal (NE Monsoon prep).
2026-02-23,Thanjavur,Leptospirosis,0.9879,CRITICAL,35,🚨 IMMEDIATE ACTION: Dispatch vector control teams to hotspots within 24 hours. | 🏥 Capacity Surge: Prepare District General Hospital and PHCs for immediate case influx. | 📢 Emergency Advisory: Launch intensive community awareness campaign in affected blocks. | 🔍 Active Surveillance: Initiate door-to-door fever surveillance in priority wards. | 🌧️ Monsoon Specific: Distribute prophylaxis to workers in flooded agriculture zones.
2026-02-23,Thanjavur,Malaria,0.0303,LOW,4,✅ Normal Operations: Continue routine surveillance. | 📊 Data Logging: Maintain weekly reporting cycle.
2026-02-23,Theni,Chikungunya,0.9782,CRITICAL,31,🚨 IMMEDIATE ACTION: Dispatch vector control teams to hotspots within 24 hours. | 🏥 Capacity Surge: Prepare District General Hospital and PHCs for immediate case influx. | 📢 Emergency Advisory: Launch intensive community awareness campaign in affected blocks. | 🔍 Active Surveillance: Initiate door-to-door fever surveillance in priority wards.
2026-02-23,Theni,Cholera,0.0002,LOW,1,✅ Normal Operations: Continue routine surveillance. | 📊 Data Logging: Maintain weekly reporting cycle.
2026-02-23,Theni,Dengue,0.9201,CRITICAL,40,🚨 IMMEDIATE ACTION: Dispatch vector control teams to hotspots within 24 hours. | 🏥 Capacity Surge: Prepare District General Hospital and PHCs for immediate case influx. | 📢 Emergency Advisory: Launch intensive community awareness campaign in affected blocks. | 🔍 Active Surveillance: Initiate door-to-door fever surveillance in priority wards. | 🌧️ Monsoon Specific: Ensure drain clearance and stagnant water removal (NE Monsoon prep).
2026-02-23,Theni,Leptospirosis,0.9948,CRITICAL,47,🚨 IMMEDIATE ACTION: Dispatch vector control teams to hotspots within 24 hours. | 🏥 Capacity Surge: Prepare District General Hospital and PHCs for immediate case influx. | 📢 Emergency Advisory: Launch intensive community awareness campaign in affected blocks. | 🔍 Active Surveillance: Initiate door-to-door fever surveillance in priority wards. | 🌧️ Monsoon Specific: Distribute prophylaxis to workers in flooded agriculture zones.
2026-02-23,Theni,Malaria,0.9256,CRITICAL,53,🚨 IMMEDIATE ACTION: Dispatch vector control teams to hotspots within 24 hours. | 🏥 Capacity Surge: Prepare District General Hospital and PHCs for immediate case influx. | 📢 Emergency Advisory: Launch intensive community awareness campaign in affected blocks. | 🔍 Active Surveillance: Initiate door-to-door fever surveillance in priority wards.
2026-02-23,Thoothukudi,Chikungunya,0.9481,CRITICAL,50,🚨 IMMEDIATE ACTION: Dispatch vector control teams to hotspots within 24 hours. | 🏥 Capacity Surge: Prepare District General Hospital and PHCs for immediate case influx. | 📢 Emergency Advisory: Launch intensive community awareness campaign in affected blocks. | 🔍 Active Surveillance: Initiate door-to-door fever surveillance in priority wards.
2026-02-23,Thoothukudi,Cholera,0.0003,LOW,4,✅ Normal Operations: Continue routine surveillance. | 📊 Data Logging: Maintain weekly reporting cycle.
2026-02-23,Thoothukudi,Dengue,0.8163,HIGH,30,⚠️ Priority Action: Begin targeted fogging and source reduction in high-risk zones. | 🏥 Preparedness: Ensure adequate stock of essential medicines and diagnostic kits. | 📈 Enhanced Monitoring: Daily reporting of new cases from local clinics required. | 📢 Local Advisory: Issue health advisories through local media and community leaders. | 🌧️ Monsoon Specific: Ensure drain clearance and stagnant water removal (NE Monsoon prep).
2026-02-23,Thoothukudi,Leptospirosis,0.9977,CRITICAL,83,🚨 IMMEDIATE ACTION: Dispatch vector control teams to hotspots within 24 hours. | 🏥 Capacity Surge: Prepare District General Hospital and PHCs for immediate case influx. | 📢 Emergency Advisory: Launch intensive community awareness campaign in affected blocks. | 🔍 Active Surveillance: Initiate door-to-door fever surveillance in priority wards. | 🌧️ Monsoon Specific: Distribute prophylaxis to workers in flooded agriculture zones.
2026-02-23,Thoothukudi,Malaria,0.3216,LOW,18,✅ Normal Operations: Continue routine surveillance. | 📊 Data Logging: Maintain weekly reporting cycle.
2026-02-23,Tiruchirappalli,Chikungunya,0.9917,CRITICAL,61,🚨 IMMEDIATE ACTION: Dispatch vector control teams to hotspots within 24 hours. | 🏥 Capacity Surge: Prepare District General Hospital and PHCs for immediate case influx. | 📢 Emergency Advisory: Launch intensive community awareness campaign in affected blocks. | 🔍 Active Surveillance: Initiate door-to-door fever surveillance in priority wards.
2026-02-23,Tiruchirappalli,Cholera,0.0002,LOW,0,✅ Normal Operations: Continue routine surveillance. | 📊 Data Logging: Maintain weekly reporting cycle.
2026-02-23,Tiruchirappalli,Dengue,0.9645,CRITICAL,55,🚨 IMMEDIATE ACTION: Dispatch vector control teams to hotspots within 24 hours. | 🏥 Capacity Surge: Prepare District General Hospital and PHCs for immediate case influx. | 📢 Emergency Advisory: Launch intensive community awareness campaign in affected blocks. | 🔍 Active Surveillance: Initiate door-to-door fever surveillance in priority wards. | 🌧️ Monsoon Specific: Ensure drain clearance and stagnant water removal (NE Monsoon prep).
2026-02-23,Tiruchirappalli,Leptospirosis,0.9976,CRITICAL,39,🚨 IMMEDIATE ACTION: Dispatch vector control teams to hotspots within 24 hours. | 🏥 Capacity Surge: Prepare District General Hospital and PHCs for immediate case influx. | 📢 Emergency Advisory: Launch intensive community awareness campaign in affected blocks. | 🔍 Active Surveillance: Initiate door-to-door fever surveillance in priority wards. | 🌧️ Monsoon Specific: Distribute prophylaxis to workers in flooded agriculture zones.
2026-02-23,Tiruchirappalli,Malaria,0.9412,CRITICAL,50,🚨 IMMEDIATE ACTION: Dispatch vector control teams to hotspots within 24 hours. | 🏥 Capacity Surge: Prepare District General Hospital and PHCs for immediate case influx. | 📢 Emergency Advisory: Launch intensive community awareness campaign in affected blocks. | 🔍 Active Surveillance: Initiate door-to-door fever surveillance in priority wards.
2026-02-23,Tirunelveli,Chikungunya,0.9836,CRITICAL,77,🚨 IMMEDIATE ACTION: Dispatch vector control teams to hotspots within 24 hours. | 🏥 Capacity Surge: Prepare District General Hospital and PHCs for immediate case influx. | 📢 Emergency Advisory: Launch intensive community awareness campaign in affected blocks. | 🔍 Active Surveillance: Initiate door-to-door fever surveillance in priority wards.
2026-02-23,Tirunelveli,Cholera,0.0003,LOW,5,✅ Normal Operations: Continue routine surveillance. | 📊 Data Logging: Maintain weekly reporting cycle.
2026-02-23,Tirunelveli,Dengue,0.9852,CRITICAL,53,🚨 IMMEDIATE ACTION: Dispatch vector control teams to hotspots within 24 hours. | 🏥 Capacity Surge: Prepare District General Hospital and PHCs for immediate case influx. | 📢 Emergency Advisory: Launch intensive community awareness campaign in affected blocks. | 🔍 Active Surveillance: Initiate door-to-door fever surveillance in priority wards. | 🌧️ Monsoon Specific: Ensure drain clearance and stagnant water removal (NE Monsoon prep).
2026-02-23,Tirunelveli,Leptospirosis,0.8911,CRITICAL,77,🚨 IMMEDIATE ACTION: Dispatch vector control teams to hotspots within 24 hours. | 🏥 Capacity Surge: Prepare District General Hospital and PHCs for immediate case influx. | 📢 Emergency Advisory: Launch intensive community awareness campaign in affected blocks. | 🔍 Active Surveillance: Initiate door-to-door fever surveillance in priority wards. | 🌧️ Monsoon Specific: Distribute prophylaxis to workers in flooded agriculture zones.
2026-02-23,Tirunelveli,Malaria,0.0638,LOW,13,✅ Normal Operations: Continue routine surveillance. | 📊 Data Logging: Maintain weekly reporting cycle.
2026-02-23,Tirupathur,Chikungunya,0.9773,CRITICAL,19,🚨 IMMEDIATE ACTION: Dispatch vector control teams to hotspots within 24 hours. | 🏥 Capacity Surge: Prepare District General Hospital and PHCs for immediate case influx. | 📢 Emergency Advisory: Launch intensive community awareness campaign in affected blocks. | 🔍 Active Surveillance: Initiate door-to-door fever surveillance in priority wards.
2026-02-23,Tirupathur,Cholera,0.0002,LOW,0,✅ Normal Operations: Continue routine surveillance. | 📊 Data Logging: Maintain weekly reporting cycle.
2026-02-23,Tirupathur,Dengue,0.9046,CRITICAL,70,🚨 IMMEDIATE ACTION: Dispatch vector control teams to hotspots within 24 hours. | 🏥 Capacity Surge: Prepare District General Hospital and PHCs for immediate case influx. | 📢 Emergency Advisory: Launch intensive community awareness campaign in affected blocks. | 🔍 Active Surveillance: Initiate door-to-door fever surveillance in priority wards. | 🌧️ Monsoon Specific: Ensure drain clearance and stagnant water removal (NE Monsoon prep).
2026-02-23,Tirupathur,Leptospirosis,0.8911,CRITICAL,18,🚨 IMMEDIATE ACTION: Dispatch vector control teams to hotspots within 24 hours. | 🏥 Capacity Surge: Prepare District General Hospital and PHCs for immediate case influx. | 📢 Emergency Advisory: Launch intensive community awareness campaign in affected blocks. | 🔍 Active Surveillance: Initiate door-to-door fever surveillance in priority wards. | 🌧️ Monsoon Specific: Distribute prophylaxis to workers in flooded agriculture zones.
2026-02-23,Tirupathur,Malaria,0.7331,HIGH,38,⚠️ Priority Action: Begin targeted fogging and source reduction in high-risk zones. | 🏥 Preparedness: Ensure adequate stock of essential medicines and diagnostic kits. | 📈 Enhanced Monitoring: Daily reporting of new cases from local clinics required. | 📢 Local Advisory: Issue health advisories through local media and community leaders.
2026-02-23,Tiruppur,Chikungunya,0.9865,CRITICAL,222,🚨 IMMEDIATE ACTION: Dispatch vector control teams to hotspots within 24 hours. | 🏥 Capacity Surge: Prepare District General Hospital and PHCs for immediate case influx. | 📢 Emergency Advisory: Launch intensive community awareness campaign in affected blocks. | 🔍 Active Surveillance: Initiate door-to-door fever surveillance in priority wards.
2026-02-23,Tiruppur,Cholera,0.0002,LOW,3,✅ Normal Operations: Continue routine surveillance. | 📊 Data Logging: Maintain weekly reporting cycle.
2026-02-23,Tiruppur,Dengue,0.9473,CRITICAL,105,🚨 IMMEDIATE ACTION: Dispatch vector control teams to hotspots within 24 hours. | 🏥 Capacity Surge: Prepare District General Hospital and PHCs for immediate case influx. | 📢 Emergency Advisory: Launch intensive community awareness campaign in affected blocks. | 🔍 Active Surveillance: Initiate door-to-door fever surveillance in priority wards. | 🌧️ Monsoon Specific: Ensure drain clearance and stagnant water removal (NE Monsoon prep).
2026-02-23,Tiruppur,Leptospirosis,0.9692,CRITICAL,61,🚨 IMMEDIATE ACTION: Dispatch vector control teams to hotspots within 24 hours. | 🏥 Capacity Surge: Prepare District General Hospital and PHCs for immediate case influx. | 📢 Emergency Advisory: Launch intensive community awareness campaign in affected blocks. | 🔍 Active Surveillance: Initiate door-to-door fever surveillance in priority wards. | 🌧️ Monsoon Specific: Distribute prophylaxis to workers in flooded agriculture zones.
2026-02-23,Tiruppur,Malaria,0.1799,LOW,8,✅ Normal Operations: Continue routine surveillance. | 📊 Data Logging: Maintain weekly reporting cycle.
2026-02-23,Tiruvallur,Chikungunya,0.9776,CRITICAL,37,🚨 IMMEDIATE ACTION: Dispatch vector control teams to hotspots within 24 hours. | 🏥 Capacity Surge: Prepare District General Hospital and PHCs for immediate case influx. | 📢 Emergency Advisory: Launch intensive community awareness campaign in affected blocks. | 🔍 Active Surveillance: Initiate door-to-door fever surveillance in priority wards.
2026-02-23,Tiruvallur,Cholera,0.0003,LOW,2,✅ Normal Operations: Continue routine surveillance. | 📊 Data Logging: Maintain weekly reporting cycle.
2026-02-23,Tiruvallur,Dengue,0.0314,LOW,10,✅ Normal Operations: Continue routine surveillance. | 📊 Data Logging: Maintain weekly reporting cycle.
2026-02-23,Tiruvallur,Leptospirosis,0.9979,CRITICAL,73,🚨 IMMEDIATE ACTION: Dispatch vector control teams to hotspots within 24 hours. | 🏥 Capacity Surge: Prepare District General Hospital and PHCs for immediate case influx. | 📢 Emergency Advisory: Launch intensive community awareness campaign in affected blocks. | 🔍 Active Surveillance: Initiate door-to-door fever surveillance in priority wards. | 🌧️ Monsoon Specific: Distribute prophylaxis to workers in flooded agriculture zones.
2026-02-23,Tiruvallur,Malaria,0.993,CRITICAL,59,🚨 IMMEDIATE ACTION: Dispatch vector control teams to hotspots within 24 hours. | 🏥 Capacity Surge: Prepare District General Hospital and PHCs for immediate case influx. | 📢 Emergency Advisory: Launch intensive community awareness campaign in affected blocks. | 🔍 Active Surveillance: Initiate door-to-door fever surveillance in priority wards.
2026-02-23,Tiruvannamalai,Chikungunya,0.8013,HIGH,10,⚠️ Priority Action: Begin targeted fogging and source reduction in high-risk zones. | 🏥 Preparedness: Ensure adequate stock of essential medicines and diagnostic kits. | 📈 Enhanced Monitoring: Daily reporting of new cases from local clinics required. | 📢 Local Advisory: Issue health advisories through local media and community leaders.
2026-02-23,Tiruvannamalai,Cholera,0.0002,LOW,4,✅ Normal Operations: Continue routine surveillance. | 📊 Data Logging: Maintain weekly reporting cycle.
2026-02-23,Tiruvannamalai,Dengue,0.6754,HIGH,18,⚠️ Priority Action: Begin targeted fogging and source reduction in high-risk zones. | 🏥 Preparedness: Ensure adequate stock of essential medicines and diagnostic kits. | 📈 Enhanced Monitoring: Daily reporting of new cases from local clinics required. | 📢 Local Advisory: Issue health advisories through local media and community leaders. | 🌧️ Monsoon Specific: Ensure drain clearance and stagnant water removal (NE Monsoon prep).
2026-02-23,Tiruvannamalai,Leptospirosis,0.8591,CRITICAL,42,🚨 IMMEDIATE ACTION: Dispatch vector control teams to hotspots within 24 hours. | 🏥 Capacity Surge: Prepare District General Hospital and PHCs for immediate case influx. | 📢 Emergency Advisory: Launch intensive community awareness campaign in affected blocks. | 🔍 Active Surveillance: Initiate door-to-door fever surveillance in priority wards. | 🌧️ Monsoon Specific: Distribute prophylaxis to workers in flooded agriculture zones.
2026-02-23,Tiruvannamalai,Malaria,0.9414,CRITICAL,48,🚨 IMMEDIATE ACTION: Dispatch vector control teams to hotspots within 24 hours. | 🏥 Capacity Surge: Prepare District General Hospital and PHCs for immediate case influx. | 📢 Emergency Advisory: Launch intensive community awareness campaign in affected blocks. | 🔍 Active Surveillance: Initiate door-to-door fever surveillance in priority wards.
2026-02-23,Tiruvarur,Chikungunya,0.9989,CRITICAL,53,🚨 IMMEDIATE ACTION: Dispatch vector control teams to hotspots within 24 hours. | 🏥 Capacity Surge: Prepare District General Hospital and PHCs for immediate case influx. | 📢 Emergency Advisory: Launch intensive community awareness campaign in affected blocks. | 🔍 Active Surveillance: Initiate door-to-door fever surveillance in priority wards.
2026-02-23,Tiruvarur,Cholera,0.0003,LOW,1,✅ Normal Operations: Continue routine surveillance. | 📊 Data Logging: Maintain weekly reporting cycle.
2026-02-23,Tiruvarur,Dengue,0.8176,HIGH,23,⚠️ Priority Action: Begin targeted fogging and source reduction in high-risk zones. | 🏥 Preparedness: Ensure adequate stock of essential medicines and diagnostic kits. | 📈 Enhanced Monitoring: Daily reporting of new cases from local clinics required. | 📢 Local Advisory: Issue health advisories through local media and community leaders. | 🌧️ Monsoon Specific: Ensure drain clearance and stagnant water removal (NE Monsoon prep).
2026-02-23,Tiruvarur,Leptospirosis,0.993,CRITICAL,59,🚨 IMMEDIATE ACTION: Dispatch vector control teams to hotspots within 24 hours. | 🏥 Capacity Surge: Prepare District General Hospital and PHCs for immediate case influx. | 📢 Emergency Advisory: Launch intensive community awareness campaign in affected blocks. | 🔍 Active Surveillance: Initiate door-to-door fever surveillance in priority wards. | 🌧️ Monsoon Specific: Distribute prophylaxis to workers in flooded agriculture zones.
2026-02-23,Tiruvarur,Malaria,0.7079,HIGH,27,⚠️ Priority Action: Begin targeted fogging and source reduction in high-risk zones. | 🏥 Preparedness: Ensure adequate stock of essential medicines and diagnostic kits. | 📈 Enhanced Monitoring: Daily reporting of new cases from local clinics required. | 📢 Local Advisory: Issue health advisories through local media and community leaders.
2026-02-23,Vellore,Chikungunya,0.7751,HIGH,19,⚠️ Priority Action: Begin targeted fogging and source reduction in high-risk zones. | 🏥 Preparedness: Ensure adequate stock of essential medicines and diagnostic kits. | 📈 Enhanced Monitoring: Daily reporting of new cases from local clinics required. | 📢 Local Advisory: Issue health advisories through local media and community leaders.
2026-02-23,Vellore,Cholera,0.0003,LOW,0,✅ Normal Operations: Continue routine surveillance. | 📊 Data Logging: Maintain weekly reporting cycle.
2026-02-23,Vellore,Dengue,0.8759,CRITICAL,58,🚨 IMMEDIATE ACTION: Dispatch vector control teams to hotspots within 24 hours. | 🏥 Capacity Surge: Prepare District General Hospital and PHCs for immediate case influx. | 📢 Emergency Advisory: Launch intensive community awareness campaign in affected blocks. | 🔍 Active Surveillance: Initiate door-to-door fever surveillance in priority wards. | 🌧️ Monsoon Specific: Ensure drain clearance and stagnant water removal (NE Monsoon prep).
2026-02-23,Vellore,Leptospirosis,0.996,CRITICAL,77,🚨 IMMEDIATE ACTION: Dispatch vector control teams to hotspots within 24 hours. | 🏥 Capacity Surge: Prepare District General Hospital and PHCs for immediate case influx. | 📢 Emergency Advisory: Launch intensive community awareness campaign in affected blocks. | 🔍 Active Surveillance: Initiate door-to-door fever surveillance in priority wards. | 🌧️ Monsoon Specific: Distribute prophylaxis to workers in flooded agriculture zones.
2026-02-23,Vellore,Malaria,0.2918,LOW,19,✅ Normal Operations: Continue routine surveillance. | 📊 Data Logging: Maintain weekly reporting cycle.
2026-02-23,Viluppuram,Chikungunya,0.9784,CRITICAL,23,🚨 IMMEDIATE ACTION: Dispatch vector control teams to hotspots within 24 hours. | 🏥 Capacity Surge: Prepare District General Hospital and PHCs for immediate case influx. | 📢 Emergency Advisory: Launch intensive community awareness campaign in affected blocks. | 🔍 Active Surveillance: Initiate door-to-door fever surveillance in priority wards.
2026-02-23,Viluppuram,Cholera,0.0002,LOW,0,✅ Normal Operations: Continue routine surveillance. | 📊 Data Logging: Maintain weekly reporting cycle.
2026-02-23,Viluppuram,Dengue,0.7311,HIGH,34,⚠️ Priority Action: Begin targeted fogging and source reduction in high-risk zones. | 🏥 Preparedness: Ensure adequate stock of essential medicines and diagnostic kits. | 📈 Enhanced Monitoring: Daily reporting of new cases from local clinics required. | 📢 Local Advisory: Issue health advisories through local media and community leaders. | 🌧️ Monsoon Specific: Ensure drain clearance and stagnant water removal (NE Monsoon prep).
2026-02-23,Viluppuram,Leptospirosis,0.9915,CRITICAL,101,🚨 IMMEDIATE ACTION: Dispatch vector control teams to hotspots within 24 hours. | 🏥 Capacity Surge: Prepare District General Hospital and PHCs for immediate case influx. | 📢 Emergency Advisory: Launch intensive community awareness campaign in affected blocks. | 🔍 Active Surveillance: Initiate door-to-door fever surveillance in priority wards. | 🌧️ Monsoon Specific: Distribute prophylaxis to workers in flooded agriculture zones.
2026-02-23,Viluppuram,Malaria,0.7115,HIGH,25,⚠️ Priority Action: Begin targeted fogging and source reduction in high-risk zones. | 🏥 Preparedness: Ensure adequate stock of essential medicines and diagnostic kits. | 📈 Enhanced Monitoring: Daily reporting of new cases from local clinics required. | 📢 Local Advisory: Issue health advisories through local media and community leaders.
2026-02-23,Virudhunagar,Chikungunya,0.9963,CRITICAL,39,🚨 IMMEDIATE ACTION: Dispatch vector control teams to hotspots within 24 hours. | 🏥 Capacity Surge: Prepare District General Hospital and PHCs for immediate case influx. | 📢 Emergency Advisory: Launch intensive community awareness campaign in affected blocks. | 🔍 Active Surveillance: Initiate door-to-door fever surveillance in priority wards.
2026-02-23,Virudhunagar,Cholera,0.0003,LOW,2,✅ Normal Operations: Continue routine surveillance. | 📊 Data Logging: Maintain weekly reporting cycle.
2026-02-23,Virudhunagar,Dengue,0.178,LOW,10,✅ Normal Operations: Continue routine surveillance. | 📊 Data Logging: Maintain weekly reporting cycle.
2026-02-23,Virudhunagar,Leptospirosis,0.9986,CRITICAL,81,🚨 IMMEDIATE ACTION: Dispatch vector control teams to hotspots within 24 hours. | 🏥 Capacity Surge: Prepare District General Hospital and PHCs for immediate case influx. | 📢 Emergency Advisory: Launch intensive community awareness campaign in affected blocks. | 🔍 Active Surveillance: Initiate door-to-door fever surveillance in priority wards. | 🌧️ Monsoon Specific: Distribute prophylaxis to workers in flooded agriculture zones.
2026-02-23,Virudhunagar,Malaria,0.4883,WATCH,28,👀 Surveillance: Monitor case trends closely for next 7 days. | 🧹 Prevention: Routine sanitation and vector control measures in identified areas. | 📋 Verification: Cross-verify reported cases with clinical samples.
